"id"|"day"|"discipline_name"|"discipline_pictogram"|"name"|"venue_name"|"event_name"|"detailed_event_name"|"start_date"|"end_date"|"status"|"is_medal_event"|"is_live"|"gender_code"|"DataCollectionDate"
"16149"|"2024-08-07"|"Sailing"|"https://codante.s3.amazonaws.com/codante-apis/olympic-games/pictograms/SAL.avif"||"Marseille Marina"|"Women's Kite"|"Women's Kite - Race 7"|"2024-08-07T12:03:00+02:00"|"2024-08-07T12:20:00+02:00"|"Cancelled"|"0"|"0"|"W"|"2024-08-07T22:35:11.7085578Z"
"16155"|"2024-08-07"|"Sailing"|"https://codante.s3.amazonaws.com/codante-apis/olympic-games/pictograms/SAL.avif"||"Marseille Marina"|"Women's Kite"|"Women's Kite - Race 8"|"2024-08-07T12:43:00+02:00"|"2024-08-07T13:00:00+02:00"|"Cancelled"|"0"|"0"|"W"|"2024-08-07T22:35:11.7085578Z"
"16157"|"2024-08-07"|"Sailing"|"https://codante.s3.amazonaws.com/codante-apis/olympic-games/pictograms/SAL.avif"||"Marseille Marina"|"Men's Kite"|"Men's Kite - Race 8"|"2024-08-07T12:23:00+02:00"|"2024-08-07T12:40:00+02:00"|"Cancelled"|"0"|"0"|"M"|"2024-08-07T22:35:11.7085578Z"
"16260"|"2024-08-07"|"Sailing"|"https://codante.s3.amazonaws.com/codante-apis/olympic-games/pictograms/SAL.avif"||"Marseille Marina"|"Men's Kite"|"Men's Kite - Race 9"|"2024-08-07T12:48:00+02:00"|"2024-08-07T13:05:00+02:00"|"Cancelled"|"0"|"0"|"M"|"2024-08-07T22:35:11.7085578Z"
"16262"|"2024-08-07"|"Sailing"|"https://codante.s3.amazonaws.com/codante-apis/olympic-games/pictograms/SAL.avif"||"Marseille Marina"|"Women's Kite"|"Women's Kite - Race 9"|"2024-08-07T13:23:00+02:00"|"2024-08-07T13:40:00+02:00"|"Cancelled"|"0"|"0"|"W"|"2024-08-07T22:35:11.7085578Z"
"16264"|"2024-08-07"|"Sailing"|"https://codante.s3.amazonaws.com/codante-apis/olympic-games/pictograms/SAL.avif"||"Marseille Marina"|"Men's Kite"|"Men's Kite - Race 10"|"2024-08-07T13:13:00+02:00"|"2024-08-07T13:30:00+02:00"|"Cancelled"|"0"|"0"|"M"|"2024-08-07T22:35:11.7085578Z"
"16267"|"2024-08-07"|"Sailing"|"https://codante.s3.amazonaws.com/codante-apis/olympic-games/pictograms/SAL.avif"||"Marseille Marina"|"Women's Kite"|"Women's Kite - Race 10"|"2024-08-07T14:03:00+02:00"|"2024-08-07T14:20:00+02:00"|"Cancelled"|"0"|"0"|"W"|"2024-08-07T22:35:11.7085578Z"
"16271"|"2024-08-07"|"Sailing"|"https://codante.s3.amazonaws.com/codante-apis/olympic-games/pictograms/SAL.avif"||"Marseille Marina"|"Men's Kite"|"Men's Kite - Race 11"|"2024-08-07T13:38:00+02:00"|"2024-08-07T13:55:00+02:00"|"Cancelled"|"0"|"0"|"M"|"2024-08-07T22:35:11.7085578Z"
"16274"|"2024-08-07"|"Sailing"|"https://codante.s3.amazonaws.com/codante-apis/olympic-games/pictograms/SAL.avif"||"Marseille Marina"|"Women's Kite"|"Women's Kite - Race 11"|"2024-08-07T14:43:00+02:00"|"2024-08-07T15:00:00+02:00"|"Cancelled"|"0"|"0"|"W"|"2024-08-07T22:35:11.7085578Z"
"16276"|"2024-08-07"|"Sailing"|"https://codante.s3.amazonaws.com/codante-apis/olympic-games/pictograms/SAL.avif"||"Marseille Marina"|"Men's Kite"|"Men's Kite - Race 12"|"2024-08-07T14:03:00+02:00"|"2024-08-07T14:20:00+02:00"|"Cancelled"|"0"|"0"|"M"|"2024-08-07T22:35:11.7085578Z"
"16279"|"2024-08-07"|"Sailing"|"https://codante.s3.amazonaws.com/codante-apis/olympic-games/pictograms/SAL.avif"||"Marseille Marina"|"Women's Kite"|"Women's Kite - Race 12"|"2024-08-07T16:00:00+02:00"|"2024-08-07T16:17:00+02:00"|"Cancelled"|"0"|"0"|"W"|"2024-08-07T22:35:11.7085578Z"
"16288"|"2024-08-07"|"Sailing"|"https://codante.s3.amazonaws.com/codante-apis/olympic-games/pictograms/SAL.avif"||"Marseille Marina"|"Women's Dinghy"|"Women's Dinghy Medal Race"|"2024-08-07T12:13:00+02:00"|"2024-08-07T12:33:00+02:00"|"Finished"|"1"|"0"|"W"|"2024-08-07T22:35:11.7085578Z"
"16293"|"2024-08-07"|"Sailing"|"https://codante.s3.amazonaws.com/codante-apis/olympic-games/pictograms/SAL.avif"||"Marseille Marina"|"Men's Dinghy"|"Men's Dinghy Medal Race"|"2024-08-07T13:13:00+02:00"|"2024-08-07T13:33:00+02:00"|"Finished"|"1"|"0"|"M"|"2024-08-07T22:35:11.7085578Z"
"16350"|"2024-08-07"|"Athletics"|"https://codante.s3.amazonaws.com/codante-apis/olympic-games/pictograms/ATH.avif"||"Trocadéro"|"Marathon Race Walk Relay Mixed"|"Marathon Race Walk Relay Mixed"|"2024-08-07T07:30:00+02:00"|"2024-08-07T10:40:00+02:00"|"Finished"|"1"|"0"|"X"|"2024-08-07T22:35:11.7085578Z"
"16351"|"2024-08-07"|"Golf"|"https://codante.s3.amazonaws.com/codante-apis/olympic-games/pictograms/GLF.avif"||"Le Golf National"|"Women's Individual Stroke Play"|"Women's Individual Stroke Play Round 1"|"2024-08-07T09:00:00+02:00"|"2024-08-07T18:00:00+02:00"|"Finished"|"0"|"0"|"W"|"2024-08-07T22:35:11.7085578Z"
"16352"|"2024-08-07"|"Taekwondo"|"https://codante.s3.amazonaws.com/codante-apis/olympic-games/pictograms/TKW.avif"||"Grand Palais"|"Men -58kg"|"Men -58kg Qualification Contest"|"2024-08-07T09:00:00+02:00"|"2024-08-07T09:09:00+02:00"|"Finished"|"0"|"0"|"M"|"2024-08-07T22:35:11.7085578Z"
"16353"|"2024-08-07"|"Taekwondo"|"https://codante.s3.amazonaws.com/codante-apis/olympic-games/pictograms/TKW.avif"||"Grand Palais"|"Women -49kg"|"Women -49kg Qualification Contest"|"2024-08-07T09:09:00+02:00"|"2024-08-07T09:21:00+02:00"|"Finished"|"0"|"0"|"W"|"2024-08-07T22:35:11.7085578Z"
"16354"|"2024-08-07"|"Taekwondo"|"https://codante.s3.amazonaws.com/codante-apis/olympic-games/pictograms/TKW.avif"||"Grand Palais"|"Men -58kg"|"Men -58kg Qualification Contest"|"2024-08-07T09:21:00+02:00"|"2024-08-07T09:33:00+02:00"|"Finished"|"0"|"0"|"M"|"2024-08-07T22:35:11.7085578Z"
"16355"|"2024-08-07"|"Canoe Sprint"|"https://codante.s3.amazonaws.com/codante-apis/olympic-games/pictograms/CSP.avif"||"Nautical St - Flat water"|"Women's Kayak Single 500m"|"Women's Kayak Single 500m Heats"|"2024-08-07T09:30:00+02:00"|"2024-08-07T10:27:00+02:00"|"Finished"|"0"|"0"|"W"|"2024-08-07T22:35:11.7085578Z"
"16356"|"2024-08-07"|"Handball"|"https://codante.s3.amazonaws.com/codante-apis/olympic-games/pictograms/HBL.avif"||"Pierre Mauroy Stadium"|"Men"|"Men's Quarterfinal"|"2024-08-07T13:30:00+02:00"|"2024-08-07T15:30:00+02:00"|"Finished"|"0"|"0"|"M"|"2024-08-07T22:35:11.7085578Z"
"16357"|"2024-08-07"|"Taekwondo"|"https://codante.s3.amazonaws.com/codante-apis/olympic-games/pictograms/TKW.avif"||"Grand Palais"|"Women -49kg"|"Women -49kg Round of 16"|"2024-08-07T09:33:00+02:00"|"2024-08-07T09:46:00+02:00"|"Finished"|"0"|"0"|"W"|"2024-08-07T22:35:11.7085578Z"
"16358"|"2024-08-07"|"Taekwondo"|"https://codante.s3.amazonaws.com/codante-apis/olympic-games/pictograms/TKW.avif"||"Grand Palais"|"Men -58kg"|"Men -58kg Round of 16"|"2024-08-07T09:46:00+02:00"|"2024-08-07T09:58:00+02:00"|"Finished"|"0"|"0"|"M"|"2024-08-07T22:35:11.7085578Z"
"16359"|"2024-08-07"|"Taekwondo"|"https://codante.s3.amazonaws.com/codante-apis/olympic-games/pictograms/TKW.avif"||"Grand Palais"|"Women -49kg"|"Women -49kg Round of 16"|"2024-08-07T09:58:00+02:00"|"2024-08-07T10:10:00+02:00"|"Finished"|"0"|"0"|"W"|"2024-08-07T22:35:11.7085578Z"
"16360"|"2024-08-07"|"Diving"|"https://codante.s3.amazonaws.com/codante-apis/olympic-games/pictograms/DIV.avif"||"Aquatics Centre"|"Men's 3m Springboard"|"Men's 3m Springboard Semifinal"|"2024-08-07T10:00:00+02:00"|"2024-08-07T11:54:00+02:00"|"Finished"|"0"|"0"|"M"|"2024-08-07T22:35:11.7085578Z"
"16361"|"2024-08-07"|"Sport Climbing"|"https://codante.s3.amazonaws.com/codante-apis/olympic-games/pictograms/CLB.avif"||"Le Bourget Climbing Venue"|"Men's Boulder & Lead"|"Men's Boulder & Lead, Semifinal Lead"|"2024-08-07T10:00:00+02:00"|"2024-08-07T12:05:00+02:00"|"Finished"|"0"|"0"|"M"|"2024-08-07T22:35:11.7085578Z"
"16362"|"2024-08-07"|"Table Tennis"|"https://codante.s3.amazonaws.com/codante-apis/olympic-games/pictograms/TTE.avif"||"South Paris Arena 4"|"Table Tennis"|"Men's & Women's Team Quarterfinals"|"2024-08-07T10:00:00+02:00"|"2024-08-07T13:00:00+02:00"|"Scheduled"|"0"|"0"|"-"|"2024-08-07T22:35:11.7085578Z"
"16363"|"2024-08-07"|"Athletics"|"https://codante.s3.amazonaws.com/codante-apis/olympic-games/pictograms/ATH.avif"||"Stade de France"|"Men's High Jump"|"Men's High Jump Qualification"|"2024-08-07T10:05:00+02:00"|"2024-08-07T12:15:00+02:00"|"Finished"|"0"|"0"|"M"|"2024-08-07T22:35:11.7085578Z"
"16364"|"2024-08-07"|"Taekwondo"|"https://codante.s3.amazonaws.com/codante-apis/olympic-games/pictograms/TKW.avif"||"Grand Palais"|"Men -58kg"|"Men -58kg Round of 16"|"2024-08-07T10:10:00+02:00"|"2024-08-07T10:22:00+02:00"|"Finished"|"0"|"0"|"M"|"2024-08-07T22:35:11.7085578Z"
"16365"|"2024-08-07"|"Athletics"|"https://codante.s3.amazonaws.com/codante-apis/olympic-games/pictograms/ATH.avif"||"Stade de France"|"Women's 100m Hurdles"|"Women's 100m Hurdles Round 1"|"2024-08-07T10:15:00+02:00"|"2024-08-07T10:48:00+02:00"|"Finished"|"0"|"0"|"W"|"2024-08-07T22:35:11.7085578Z"
"16366"|"2024-08-07"|"Taekwondo"|"https://codante.s3.amazonaws.com/codante-apis/olympic-games/pictograms/TKW.avif"||"Grand Palais"|"Women -49kg"|"Women -49kg Round of 16"|"2024-08-07T10:22:00+02:00"|"2024-08-07T10:35:00+02:00"|"Finished"|"0"|"0"|"W"|"2024-08-07T22:35:11.7085578Z"
"16367"|"2024-08-07"|"Athletics"|"https://codante.s3.amazonaws.com/codante-apis/olympic-games/pictograms/ATH.avif"||"Stade de France"|"Women's Javelin Throw"|"Women's Javelin Throw Qualification - Group A"|"2024-08-07T10:25:00+02:00"|"2024-08-07T11:21:00+02:00"|"Finished"|"0"|"0"|"W"|"2024-08-07T22:35:11.7085578Z"
"16368"|"2024-08-07"|"Taekwondo"|"https://codante.s3.amazonaws.com/codante-apis/olympic-games/pictograms/TKW.avif"||"Grand Palais"|"Men -58kg"|"Men -58kg Round of 16"|"2024-08-07T10:35:00+02:00"|"2024-08-07T10:47:00+02:00"|"Finished"|"0"|"0"|"M"|"2024-08-07T22:35:11.7085578Z"
"16369"|"2024-08-07"|"Canoe Sprint"|"https://codante.s3.amazonaws.com/codante-apis/olympic-games/pictograms/CSP.avif"||"Nautical St - Flat water"|"Men's Kayak Single 1000m"|"Men's Kayak Single 1000m Heats"|"2024-08-07T10:40:00+02:00"|"2024-08-07T11:27:00+02:00"|"Finished"|"0"|"0"|"M"|"2024-08-07T22:35:11.7085578Z"
"16370"|"2024-08-07"|"Taekwondo"|"https://codante.s3.amazonaws.com/codante-apis/olympic-games/pictograms/TKW.avif"||"Grand Palais"|"Women -49kg"|"Women -49kg Round of 16"|"2024-08-07T10:47:00+02:00"|"2024-08-07T10:59:00+02:00"|"Finished"|"0"|"0"|"W"|"2024-08-07T22:35:11.7085578Z"
"16371"|"2024-08-07"|"Taekwondo"|"https://codante.s3.amazonaws.com/codante-apis/olympic-games/pictograms/TKW.avif"||"Grand Palais"|"Men -58kg"|"Men -58kg Round of 16"|"2024-08-07T10:59:00+02:00"|"2024-08-07T11:11:00+02:00"|"Finished"|"0"|"0"|"M"|"2024-08-07T22:35:11.7085578Z"
"16372"|"2024-08-07"|"Basketball"|"https://codante.s3.amazonaws.com/codante-apis/olympic-games/pictograms/BKB.avif"||"Bercy Arena"|"Women"|"Women's Quarterfinal"|"2024-08-07T18:00:00+02:00"|"2024-08-07T19:45:00+02:00"|"Finished"|"0"|"0"|"W"|"2024-08-07T22:35:11.7085578Z"
"16373"|"2024-08-07"|"Wrestling"|"https://codante.s3.amazonaws.com/codante-apis/olympic-games/pictograms/WRE.avif"||"Champ-de-Mars Arena"|"Men's Greco-Roman 77kg"|"Men's Greco-Roman 77kg Repechage"|"2024-08-07T11:00:00+02:00"|"2024-08-07T11:20:00+02:00"|"Scheduled"|"0"|"0"|"M"|"2024-08-07T22:35:11.7085578Z"
"16374"|"2024-08-07"|"Wrestling"|"https://codante.s3.amazonaws.com/codante-apis/olympic-games/pictograms/WRE.avif"||"Champ-de-Mars Arena"|"Men's Greco-Roman 97kg"|"Men's Greco-Roman 97kg Repechage"|"2024-08-07T11:00:00+02:00"|"2024-08-07T11:20:00+02:00"|"Scheduled"|"0"|"0"|"M"|"2024-08-07T22:35:11.7085578Z"
"16375"|"2024-08-07"|"Wrestling"|"https://codante.s3.amazonaws.com/codante-apis/olympic-games/pictograms/WRE.avif"||"Champ-de-Mars Arena"|"Women's Freestyle 50kg"|"Women's Freestyle 50kg Repechage"|"2024-08-07T11:00:00+02:00"|"2024-08-07T11:20:00+02:00"|"Scheduled"|"0"|"0"|"W"|"2024-08-07T22:35:11.7085578Z"
"16376"|"2024-08-07"|"Athletics"|"https://codante.s3.amazonaws.com/codante-apis/olympic-games/pictograms/ATH.avif"||"Stade de France"|"Men's 5000m"|"Men's 5000m Round 1"|"2024-08-07T11:10:00+02:00"|"2024-08-07T11:45:00+02:00"|"Finished"|"0"|"0"|"M"|"2024-08-07T22:35:11.7085578Z"
"16377"|"2024-08-07"|"Taekwondo"|"https://codante.s3.amazonaws.com/codante-apis/olympic-games/pictograms/TKW.avif"||"Grand Palais"|"Women -49kg"|"Women -49kg Round of 16"|"2024-08-07T11:11:00+02:00"|"2024-08-07T11:24:00+02:00"|"Finished"|"0"|"0"|"W"|"2024-08-07T22:35:11.7085578Z"
"16378"|"2024-08-07"|"Taekwondo"|"https://codante.s3.amazonaws.com/codante-apis/olympic-games/pictograms/TKW.avif"||"Grand Palais"|"Men -58kg"|"Men -58kg Round of 16"|"2024-08-07T11:24:00+02:00"|"2024-08-07T11:36:00+02:00"|"Finished"|"0"|"0"|"M"|"2024-08-07T22:35:11.7085578Z"
"16379"|"2024-08-07"|"Wrestling"|"https://codante.s3.amazonaws.com/codante-apis/olympic-games/pictograms/WRE.avif"||"Champ-de-Mars Arena"|"Men's Greco-Roman 67kg"|"Men's Greco-Roman 67kg 1/8 Finals"|"2024-08-07T11:30:00+02:00"|"2024-08-07T12:50:00+02:00"|"Scheduled"|"0"|"0"|"M"|"2024-08-07T22:35:11.7085578Z"
"16380"|"2024-08-07"|"Wrestling"|"https://codante.s3.amazonaws.com/codante-apis/olympic-games/pictograms/WRE.avif"||"Champ-de-Mars Arena"|"Women's Freestyle 53kg"|"Women's Freestyle 53kg 1/8 Finals"|"2024-08-07T11:30:00+02:00"|"2024-08-07T12:50:00+02:00"|"Scheduled"|"0"|"0"|"W"|"2024-08-07T22:35:11.7085578Z"
"16381"|"2024-08-07"|"Wrestling"|"https://codante.s3.amazonaws.com/codante-apis/olympic-games/pictograms/WRE.avif"||"Champ-de-Mars Arena"|"Men's Greco-Roman 87kg"|"Men's Greco-Roman 87kg 1/8 Finals"|"2024-08-07T11:30:00+02:00"|"2024-08-07T12:50:00+02:00"|"Scheduled"|"0"|"0"|"M"|"2024-08-07T22:35:11.7085578Z"
"16382"|"2024-08-07"|"Taekwondo"|"https://codante.s3.amazonaws.com/codante-apis/olympic-games/pictograms/TKW.avif"||"Grand Palais"|"Women -49kg"|"Women -49kg Round of 16"|"2024-08-07T11:36:00+02:00"|"2024-08-07T11:48:00+02:00"|"Finished"|"0"|"0"|"W"|"2024-08-07T22:35:11.7085578Z"
"16383"|"2024-08-07"|"Canoe Sprint"|"https://codante.s3.amazonaws.com/codante-apis/olympic-games/pictograms/CSP.avif"||"Nautical St - Flat water"|"Men's Canoe Single 1000m"|"Men's Canoe Single 1000m Heats"|"2024-08-07T11:40:00+02:00"|"2024-08-07T12:27:00+02:00"|"Finished"|"0"|"0"|"M"|"2024-08-07T22:35:11.7085578Z"
"16384"|"2024-08-07"|"Taekwondo"|"https://codante.s3.amazonaws.com/codante-apis/olympic-games/pictograms/TKW.avif"||"Grand Palais"|"Men -58kg"|"Men -58kg Round of 16"|"2024-08-07T11:48:00+02:00"|"2024-08-07T12:00:00+02:00"|"Finished"|"0"|"0"|"M"|"2024-08-07T22:35:11.7085578Z"
"16385"|"2024-08-07"|"Athletics"|"https://codante.s3.amazonaws.com/codante-apis/olympic-games/pictograms/ATH.avif"||"Stade de France"|"Women's Javelin Throw"|"Women's Javelin Throw Qualification - Group B"|"2024-08-07T11:50:00+02:00"|"2024-08-07T12:46:00+02:00"|"Finished"|"0"|"0"|"W"|"2024-08-07T22:35:11.7085578Z"
"16386"|"2024-08-07"|"Athletics"|"https://codante.s3.amazonaws.com/codante-apis/olympic-games/pictograms/ATH.avif"||"Stade de France"|"Men's 800m"|"Men's 800m Round 1"|"2024-08-07T11:55:00+02:00"|"2024-08-07T12:37:00+02:00"|"Finished"|"0"|"0"|"M"|"2024-08-07T22:35:11.7085578Z"
"16387"|"2024-08-07"|"Taekwondo"|"https://codante.s3.amazonaws.com/codante-apis/olympic-games/pictograms/TKW.avif"||"Grand Palais"|"Women -49kg"|"Women -49kg Round of 16"|"2024-08-07T12:00:00+02:00"|"2024-08-07T12:13:00+02:00"|"Finished"|"0"|"0"|"W"|"2024-08-07T22:35:11.7085578Z"
"16388"|"2024-08-07"|"Sailing"|"https://codante.s3.amazonaws.com/codante-apis/olympic-games/pictograms/SAL.avif"||"Marseille Marina"|"Women's Kite"|"Women's Kite - Race 13"|"2024-08-07T16:00:00+02:00"|"2024-08-07T16:17:00+02:00"|"Cancelled"|"0"|"0"|"W"|"2024-08-07T22:35:11.7085578Z"
"16389"|"2024-08-07"|"Taekwondo"|"https://codante.s3.amazonaws.com/codante-apis/olympic-games/pictograms/TKW.avif"||"Grand Palais"|"Men -58kg"|"Men -58kg Round of 16"|"2024-08-07T12:13:00+02:00"|"2024-08-07T12:25:00+02:00"|"Finished"|"0"|"0"|"M"|"2024-08-07T22:35:11.7085578Z"
"16390"|"2024-08-07"|"Sailing"|"https://codante.s3.amazonaws.com/codante-apis/olympic-games/pictograms/SAL.avif"||"Marseille Marina"|"Men's Kite"|"Men's Kite - Race 13"|"2024-08-07T16:00:00+02:00"|"2024-08-07T16:17:00+02:00"|"Cancelled"|"0"|"0"|"M"|"2024-08-07T22:35:11.7085578Z"
"16391"|"2024-08-07"|"Taekwondo"|"https://codante.s3.amazonaws.com/codante-apis/olympic-games/pictograms/TKW.avif"||"Grand Palais"|"Women -49kg"|"Women -49kg Round of 16"|"2024-08-07T12:25:00+02:00"|"2024-08-07T12:37:00+02:00"|"Finished"|"0"|"0"|"W"|"2024-08-07T22:35:11.7085578Z"
"16392"|"2024-08-07"|"Skateboarding"|"https://codante.s3.amazonaws.com/codante-apis/olympic-games/pictograms/SKB.avif"||"La Concorde 4"|"Men's Park"|"Men's Park Prelims"|"2024-08-07T12:30:00+02:00"|"2024-08-07T15:31:00+02:00"|"Finished"|"0"|"0"|"M"|"2024-08-07T22:35:11.7085578Z"
"16393"|"2024-08-07"|"Sport Climbing"|"https://codante.s3.amazonaws.com/codante-apis/olympic-games/pictograms/CLB.avif"||"Le Bourget Climbing Venue"|"Women's Speed"|"Women's Speed, Quarterfinals"|"2024-08-07T12:35:00+02:00"|"2024-08-07T12:41:00+02:00"|"Finished"|"0"|"0"|"W"|"2024-08-07T22:35:11.7085578Z"
"16394"|"2024-08-07"|"Taekwondo"|"https://codante.s3.amazonaws.com/codante-apis/olympic-games/pictograms/TKW.avif"||"Grand Palais"|"Men -58kg"|"Men -58kg Round of 16"|"2024-08-07T12:37:00+02:00"|"2024-08-07T12:49:00+02:00"|"Finished"|"0"|"0"|"M"|"2024-08-07T22:35:11.7085578Z"
"16395"|"2024-08-07"|"Athletics"|"https://codante.s3.amazonaws.com/codante-apis/olympic-games/pictograms/ATH.avif"||"Stade de France"|"Women's 1500m"|"Women's 1500m Repechage Round"|"2024-08-07T12:45:00+02:00"|"2024-08-07T13:02:00+02:00"|"Finished"|"0"|"0"|"W"|"2024-08-07T22:35:11.7085578Z"
"16396"|"2024-08-07"|"Cycling Track"|"https://codante.s3.amazonaws.com/codante-apis/olympic-games/pictograms/CTR.avif"||"National Velodrome"|"Men's Sprint"|"Men's Sprint, Qualifying"|"2024-08-07T12:45:00+02:00"|"2024-08-07T13:26:00+02:00"|"Finished"|"0"|"0"|"M"|"2024-08-07T22:35:11.7085578Z"
"16397"|"2024-08-07"|"Sport Climbing"|"https://codante.s3.amazonaws.com/codante-apis/olympic-games/pictograms/CLB.avif"||"Le Bourget Climbing Venue"|"Women's Speed"|"Women's Speed, Semifinals"|"2024-08-07T12:46:30+02:00"|"2024-08-07T12:48:30+02:00"|"Finished"|"0"|"0"|"W"|"2024-08-07T22:35:11.7085578Z"
"16398"|"2024-08-07"|"Sailing"|"https://codante.s3.amazonaws.com/codante-apis/olympic-games/pictograms/SAL.avif"||"Marseille Marina"|"Men's Kite"|"Men's Kite - Race 14"|"2024-08-07T16:00:00+02:00"|"2024-08-07T16:17:00+02:00"|"Cancelled"|"0"|"0"|"M"|"2024-08-07T22:35:11.7085578Z"
"16399"|"2024-08-07"|"Wrestling"|"https://codante.s3.amazonaws.com/codante-apis/olympic-games/pictograms/WRE.avif"||"Champ-de-Mars Arena"|"Men's Greco-Roman 67kg"|"Men's Greco-Roman 67kg 1/4 Finals"|"2024-08-07T12:50:00+02:00"|"2024-08-07T13:30:00+02:00"|"Scheduled"|"0"|"0"|"M"|"2024-08-07T22:35:11.7085578Z"
"16400"|"2024-08-07"|"Wrestling"|"https://codante.s3.amazonaws.com/codante-apis/olympic-games/pictograms/WRE.avif"||"Champ-de-Mars Arena"|"Women's Freestyle 53kg"|"Women's Freestyle 53kg 1/4 Finals"|"2024-08-07T12:50:00+02:00"|"2024-08-07T13:30:00+02:00"|"Scheduled"|"0"|"0"|"W"|"2024-08-07T22:35:11.7085578Z"
"16401"|"2024-08-07"|"Wrestling"|"https://codante.s3.amazonaws.com/codante-apis/olympic-games/pictograms/WRE.avif"||"Champ-de-Mars Arena"|"Men's Greco-Roman 87kg"|"Men's Greco-Roman 87kg 1/4 Finals"|"2024-08-07T12:50:00+02:00"|"2024-08-07T13:30:00+02:00"|"Scheduled"|"0"|"0"|"M"|"2024-08-07T22:35:11.7085578Z"
"16402"|"2024-08-07"|"Sport Climbing"|"https://codante.s3.amazonaws.com/codante-apis/olympic-games/pictograms/CLB.avif"||"Le Bourget Climbing Venue"|"Women's Speed"|"Women's Speed, Final"|"2024-08-07T12:54:30+02:00"|"2024-08-07T12:57:00+02:00"|"Finished"|"1"|"0"|"W"|"2024-08-07T22:35:11.7085578Z"
"16403"|"2024-08-07"|"Sailing"|"https://codante.s3.amazonaws.com/codante-apis/olympic-games/pictograms/SAL.avif"||"Marseille Marina"|"Women's Kite"|"Women's Kite - Race 14"|"2024-08-07T16:00:00+02:00"|"2024-08-07T16:17:00+02:00"|"Cancelled"|"0"|"0"|"W"|"2024-08-07T22:35:11.7085578Z"
"16404"|"2024-08-07"|"Sailing"|"https://codante.s3.amazonaws.com/codante-apis/olympic-games/pictograms/SAL.avif"||"Marseille Marina"|"Men's Kite"|"Men's Kite - Race 15"|"2024-08-07T16:00:00+02:00"|"2024-08-07T16:17:00+02:00"|"Cancelled"|"0"|"0"|"M"|"2024-08-07T22:35:11.7085578Z"
"16405"|"2024-08-07"|"Cycling Track"|"https://codante.s3.amazonaws.com/codante-apis/olympic-games/pictograms/CTR.avif"||"National Velodrome"|"Women's Keirin"|"Women's Keirin, First Round"|"2024-08-07T13:26:00+02:00"|"2024-08-07T13:52:00+02:00"|"Finished"|"0"|"0"|"W"|"2024-08-07T22:35:11.7085578Z"
"16406"|"2024-08-07"|"Canoe Sprint"|"https://codante.s3.amazonaws.com/codante-apis/olympic-games/pictograms/CSP.avif"||"Nautical St - Flat water"|"Women's Kayak Single 500m"|"Women's Kayak Single 500m Quarterfinals"|"2024-08-07T13:30:00+02:00"|"2024-08-07T14:07:00+02:00"|"Finished"|"0"|"0"|"W"|"2024-08-07T22:35:11.7085578Z"
"16407"|"2024-08-07"|"Handball"|"https://codante.s3.amazonaws.com/codante-apis/olympic-games/pictograms/HBL.avif"||"Pierre Mauroy Stadium"|"Men"|"Men's Quarterfinal"|"2024-08-07T21:30:00+02:00"|"2024-08-07T23:30:00+02:00"|"Finished"|"0"|"0"|"M"|"2024-08-07T22:35:11.7085578Z"
"16408"|"2024-08-07"|"Sailing"|"https://codante.s3.amazonaws.com/codante-apis/olympic-games/pictograms/SAL.avif"||"Marseille Marina"|"Women's Kite"|"Women's Kite - Race 15"|"2024-08-07T16:00:00+02:00"|"2024-08-07T16:17:00+02:00"|"Cancelled"|"0"|"0"|"W"|"2024-08-07T22:35:11.7085578Z"
"16409"|"2024-08-07"|"Cycling Track"|"https://codante.s3.amazonaws.com/codante-apis/olympic-games/pictograms/CTR.avif"||"National Velodrome"|"Women's Team Pursuit"|"Women's Team Pursuit, First Round"|"2024-08-07T13:52:00+02:00"|"2024-08-07T14:30:00+02:00"|"Finished"|"0"|"0"|"W"|"2024-08-07T22:35:11.7085578Z"
"16410"|"2024-08-07"|"Hockey"|"https://codante.s3.amazonaws.com/codante-apis/olympic-games/pictograms/HOC.avif"||"Yves-du-Manoir Stadium"|"Women"|"Women's Semi-final"|"2024-08-07T14:00:00+02:00"|"2024-08-07T15:45:00+02:00"|"Finished"|"0"|"0"|"W"|"2024-08-07T22:35:11.7085578Z"
"16411"|"2024-08-07"|"Water Polo"|"https://codante.s3.amazonaws.com/codante-apis/olympic-games/pictograms/WPO.avif"||"Paris La Defense Arena"|"Men"|"Men's Quarterfinal"|"2024-08-07T15:35:00+02:00"|"2024-08-07T17:00:00+02:00"|"Finished"|"0"|"0"|"M"|"2024-08-07T22:35:11.7085578Z"
"16412"|"2024-08-07"|"Sailing"|"https://codante.s3.amazonaws.com/codante-apis/olympic-games/pictograms/SAL.avif"||"Marseille Marina"|"Men's Kite"|"Men's Kite - Race 16"|"2024-08-07T16:00:00+02:00"|"2024-08-07T16:17:00+02:00"|"Cancelled"|"0"|"0"|"M"|"2024-08-07T22:35:11.7085578Z"
"16413"|"2024-08-07"|"Canoe Sprint"|"https://codante.s3.amazonaws.com/codante-apis/olympic-games/pictograms/CSP.avif"||"Nautical St - Flat water"|"Men's Kayak Single 1000m"|"Men's Kayak Single 1000m Quarterfinals"|"2024-08-07T14:10:00+02:00"|"2024-08-07T14:37:00+02:00"|"Finished"|"0"|"0"|"M"|"2024-08-07T22:35:11.7085578Z"
"16414"|"2024-08-07"|"Sailing"|"https://codante.s3.amazonaws.com/codante-apis/olympic-games/pictograms/SAL.avif"||"Marseille Marina"|"Women's Kite"|"Women's Kite - Race 16"|"2024-08-07T16:00:00+02:00"|"2024-08-07T16:17:00+02:00"|"Cancelled"|"0"|"0"|"W"|"2024-08-07T22:35:11.7085578Z"
"16415"|"2024-08-07"|"Basketball"|"https://codante.s3.amazonaws.com/codante-apis/olympic-games/pictograms/BKB.avif"||"Bercy Arena"|"Women"|"Women's Quarterfinal"|"2024-08-07T14:30:00+02:00"|"2024-08-07T16:15:00+02:00"|"Finished"|"0"|"0"|"W"|"2024-08-07T22:35:11.7085578Z"
"16416"|"2024-08-07"|"Cycling Track"|"https://codante.s3.amazonaws.com/codante-apis/olympic-games/pictograms/CTR.avif"||"National Velodrome"|"Men's Sprint"|"Men's Sprint, 1/32 Finals"|"2024-08-07T14:30:00+02:00"|"2024-08-07T15:10:00+02:00"|"Finished"|"0"|"0"|"M"|"2024-08-07T22:35:11.7085578Z"
"16417"|"2024-08-07"|"Taekwondo"|"https://codante.s3.amazonaws.com/codante-apis/olympic-games/pictograms/TKW.avif"||"Grand Palais"|"Women -49kg"|"Women -49kg Quarterfinal"|"2024-08-07T14:30:00+02:00"|"2024-08-07T14:40:00+02:00"|"Finished"|"0"|"0"|"W"|"2024-08-07T22:35:11.7085578Z"
"16418"|"2024-08-07"|"Canoe Sprint"|"https://codante.s3.amazonaws.com/codante-apis/olympic-games/pictograms/CSP.avif"||"Nautical St - Flat water"|"Men's Canoe Single 1000m"|"Men's Canoe Single 1000m Quarterfinals"|"2024-08-07T14:40:00+02:00"|"2024-08-07T15:07:00+02:00"|"Finished"|"0"|"0"|"M"|"2024-08-07T22:35:11.7085578Z"
"16419"|"2024-08-07"|"Taekwondo"|"https://codante.s3.amazonaws.com/codante-apis/olympic-games/pictograms/TKW.avif"||"Grand Palais"|"Men -58kg"|"Men -58kg Quarterfinal"|"2024-08-07T14:40:00+02:00"|"2024-08-07T14:53:00+02:00"|"Finished"|"0"|"0"|"M"|"2024-08-07T22:35:11.7085578Z"
"16421"|"2024-08-07"|"Taekwondo"|"https://codante.s3.amazonaws.com/codante-apis/olympic-games/pictograms/TKW.avif"||"Grand Palais"|"Women -49kg"|"Women -49kg Quarterfinal"|"2024-08-07T14:53:00+02:00"|"2024-08-07T15:06:00+02:00"|"Finished"|"0"|"0"|"W"|"2024-08-07T22:35:11.7085578Z"
"16422"|"2024-08-07"|"Diving"|"https://codante.s3.amazonaws.com/codante-apis/olympic-games/pictograms/DIV.avif"||"Aquatics Centre"|"Women's 3m Springboard"|"Women's 3m Springboard Preliminary"|"2024-08-07T15:00:00+02:00"|"2024-08-07T16:57:00+02:00"|"Finished"|"0"|"0"|"W"|"2024-08-07T22:35:11.7085578Z"
"16423"|"2024-08-07"|"Table Tennis"|"https://codante.s3.amazonaws.com/codante-apis/olympic-games/pictograms/TTE.avif"||"South Paris Arena 4"|"Table Tennis"|"Men's & Women's Team Quarterfinals"|"2024-08-07T15:00:00+02:00"|"2024-08-07T18:00:00+02:00"|"Scheduled"|"0"|"0"|"-"|"2024-08-07T22:35:11.7085578Z"
"16424"|"2024-08-07"|"Weightlifting"|"https://codante.s3.amazonaws.com/codante-apis/olympic-games/pictograms/WLF.avif"||"South Paris Arena 6"|"Men's 61kg"|"Men's 61kg"|"2024-08-07T15:00:00+02:00"|"2024-08-07T17:30:00+02:00"|"Finished"|"1"|"0"|"M"|"2024-08-07T22:35:11.7085578Z"
"16425"|"2024-08-07"|"Taekwondo"|"https://codante.s3.amazonaws.com/codante-apis/olympic-games/pictograms/TKW.avif"||"Grand Palais"|"Men -58kg"|"Men -58kg Quarterfinal"|"2024-08-07T15:06:00+02:00"|"2024-08-07T15:19:00+02:00"|"Finished"|"0"|"0"|"M"|"2024-08-07T22:35:11.7085578Z"
"16426"|"2024-08-07"|"Cycling Track"|"https://codante.s3.amazonaws.com/codante-apis/olympic-games/pictograms/CTR.avif"||"National Velodrome"|"Women's Keirin"|"Women's Keirin, Repechages"|"2024-08-07T15:10:00+02:00"|"2024-08-07T15:30:00+02:00"|"Finished"|"0"|"0"|"W"|"2024-08-07T22:35:11.7085578Z"
"16427"|"2024-08-07"|"Taekwondo"|"https://codante.s3.amazonaws.com/codante-apis/olympic-games/pictograms/TKW.avif"||"Grand Palais"|"Women -49kg"|"Women -49kg Quarterfinal"|"2024-08-07T15:19:00+02:00"|"2024-08-07T15:32:00+02:00"|"Finished"|"0"|"0"|"W"|"2024-08-07T22:35:11.7085578Z"
"16428"|"2024-08-07"|"Cycling Track"|"https://codante.s3.amazonaws.com/codante-apis/olympic-games/pictograms/CTR.avif"||"National Velodrome"|"Men's Sprint"|"Men's Sprint, 1/32 Finals Repechages"|"2024-08-07T15:30:00+02:00"|"2024-08-07T15:45:00+02:00"|"Finished"|"0"|"0"|"M"|"2024-08-07T22:35:11.7085578Z"
"16429"|"2024-08-07"|"Taekwondo"|"https://codante.s3.amazonaws.com/codante-apis/olympic-games/pictograms/TKW.avif"||"Grand Palais"|"Men -58kg"|"Men -58kg Quarterfinal"|"2024-08-07T15:32:00+02:00"|"2024-08-07T15:45:00+02:00"|"Finished"|"0"|"0"|"M"|"2024-08-07T22:35:11.7085578Z"
"16430"|"2024-08-07"|"Water Polo"|"https://codante.s3.amazonaws.com/codante-apis/olympic-games/pictograms/WPO.avif"||"Paris La Defense Arena"|"Men"|"Men's Quarterfinal"|"2024-08-07T19:00:00+02:00"|"2024-08-07T20:25:00+02:00"|"Finished"|"0"|"0"|"M"|"2024-08-07T22:35:11.7085578Z"
"16432"|"2024-08-07"|"Taekwondo"|"https://codante.s3.amazonaws.com/codante-apis/olympic-games/pictograms/TKW.avif"||"Grand Palais"|"Women -49kg"|"Women -49kg Quarterfinal"|"2024-08-07T15:45:00+02:00"|"2024-08-07T15:58:00+02:00"|"Finished"|"0"|"0"|"W"|"2024-08-07T22:35:11.7085578Z"
"16433"|"2024-08-07"|"Taekwondo"|"https://codante.s3.amazonaws.com/codante-apis/olympic-games/pictograms/TKW.avif"||"Grand Palais"|"Men -58kg"|"Men -58kg Quarterfinal"|"2024-08-07T15:58:00+02:00"|"2024-08-07T16:11:00+02:00"|"Finished"|"0"|"0"|"M"|"2024-08-07T22:35:11.7085578Z"
"16434"|"2024-08-07"|"Volleyball"|"https://codante.s3.amazonaws.com/codante-apis/olympic-games/pictograms/VVO.avif"||"South Paris Arena 1"|"Men"|"Men's Semifinals"|"2024-08-07T20:00:00+02:00"|"2024-08-07T22:15:00+02:00"|"Finished"|"0"|"0"|"M"|"2024-08-07T22:35:11.7085578Z"
"16435"|"2024-08-07"|"Taekwondo"|"https://codante.s3.amazonaws.com/codante-apis/olympic-games/pictograms/TKW.avif"||"Grand Palais"|"Women -49kg"|"Women -49kg Semifinal"|"2024-08-07T16:21:00+02:00"|"2024-08-07T16:36:00+02:00"|"Finished"|"0"|"0"|"W"|"2024-08-07T22:35:11.7085578Z"
"16436"|"2024-08-07"|"Taekwondo"|"https://codante.s3.amazonaws.com/codante-apis/olympic-games/pictograms/TKW.avif"||"Grand Palais"|"Men -58kg"|"Men -58kg Semifinal"|"2024-08-07T16:36:00+02:00"|"2024-08-07T16:49:00+02:00"|"Finished"|"0"|"0"|"M"|"2024-08-07T22:35:11.7085578Z"
"16437"|"2024-08-07"|"Taekwondo"|"https://codante.s3.amazonaws.com/codante-apis/olympic-games/pictograms/TKW.avif"||"Grand Palais"|"Women -49kg"|"Women -49kg Semifinal"|"2024-08-07T16:49:00+02:00"|"2024-08-07T17:02:00+02:00"|"Finished"|"0"|"0"|"W"|"2024-08-07T22:35:11.7085578Z"
"16438"|"2024-08-07"|"Beach Volleyball"|"https://codante.s3.amazonaws.com/codante-apis/olympic-games/pictograms/VBV.avif"||"Eiffel Tower Stadium"|"Beach Volleyball"|"Men's or Women's Quarterfinal"|"2024-08-07T17:00:00+02:00"|"2024-08-07T17:50:00+02:00"|"Scheduled"|"0"|"0"|"-"|"2024-08-07T22:35:11.7085578Z"
"16439"|"2024-08-07"|"Taekwondo"|"https://codante.s3.amazonaws.com/codante-apis/olympic-games/pictograms/TKW.avif"||"Grand Palais"|"Men -58kg"|"Men -58kg Semifinal"|"2024-08-07T17:02:00+02:00"|"2024-08-07T17:15:00+02:00"|"Finished"|"0"|"0"|"M"|"2024-08-07T22:35:11.7085578Z"
"16440"|"2024-08-07"|"Cycling Track"|"https://codante.s3.amazonaws.com/codante-apis/olympic-games/pictograms/CTR.avif"||"National Velodrome"|"Men's Sprint"|"Men's Sprint, 1/16 Finals"|"2024-08-07T17:30:00+02:00"|"2024-08-07T18:04:00+02:00"|"Finished"|"0"|"0"|"M"|"2024-08-07T22:35:11.7085578Z"
"16441"|"2024-08-07"|"Handball"|"https://codante.s3.amazonaws.com/codante-apis/olympic-games/pictograms/HBL.avif"||"Pierre Mauroy Stadium"|"Men"|"Men's Quarterfinal"|"2024-08-07T09:30:00+02:00"|"2024-08-07T11:30:00+02:00"|"Finished"|"0"|"0"|"M"|"2024-08-07T22:35:11.7085578Z"
"16442"|"2024-08-07"|"Skateboarding"|"https://codante.s3.amazonaws.com/codante-apis/olympic-games/pictograms/SKB.avif"||"La Concorde 4"|"Men's Park"|"Men's Park Final"|"2024-08-07T17:30:00+02:00"|"2024-08-07T18:14:00+02:00"|"Finished"|"1"|"0"|"M"|"2024-08-07T22:35:11.7085578Z"
"16443"|"2024-08-07"|"Basketball"|"https://codante.s3.amazonaws.com/codante-apis/olympic-games/pictograms/BKB.avif"||"Bercy Arena"|"Women"|"Women's Quarterfinal"|"2024-08-07T21:30:00+02:00"|"2024-08-07T23:15:00+02:00"|"Finished"|"0"|"0"|"W"|"2024-08-07T22:35:11.7085578Z"
"16444"|"2024-08-07"|"Beach Volleyball"|"https://codante.s3.amazonaws.com/codante-apis/olympic-games/pictograms/VBV.avif"||"Eiffel Tower Stadium"|"Beach Volleyball"|"Men's or Women's Quarterfinal"|"2024-08-07T18:00:00+02:00"|"2024-08-07T18:50:00+02:00"|"Scheduled"|"0"|"0"|"-"|"2024-08-07T22:35:11.7085578Z"
"16445"|"2024-08-07"|"Cycling Track"|"https://codante.s3.amazonaws.com/codante-apis/olympic-games/pictograms/CTR.avif"||"National Velodrome"|"Men's Team Pursuit"|"Men's Team Pursuit, Finals - For Places 7-8"|"2024-08-07T18:04:00+02:00"|"2024-08-07T18:13:00+02:00"|"Finished"|"0"|"0"|"M"|"2024-08-07T22:35:11.7085578Z"
"16446"|"2024-08-07"|"Cycling Track"|"https://codante.s3.amazonaws.com/codante-apis/olympic-games/pictograms/CTR.avif"||"National Velodrome"|"Men's Team Pursuit"|"Men's Team Pursuit, Finals - For Places 5-6"|"2024-08-07T18:13:00+02:00"|"2024-08-07T18:22:00+02:00"|"Finished"|"0"|"0"|"M"|"2024-08-07T22:35:11.7085578Z"
"16447"|"2024-08-07"|"Wrestling"|"https://codante.s3.amazonaws.com/codante-apis/olympic-games/pictograms/WRE.avif"||"Champ-de-Mars Arena"|"Men's Greco-Roman 67kg"|"Men's Greco-Roman 67kg Semifinal"|"2024-08-07T18:15:00+02:00"|"2024-08-07T18:22:00+02:00"|"Finished"|"0"|"0"|"M"|"2024-08-07T22:35:11.7085578Z"
"16448"|"2024-08-07"|"Cycling Track"|"https://codante.s3.amazonaws.com/codante-apis/olympic-games/pictograms/CTR.avif"||"National Velodrome"|"Men's Team Pursuit"|"Men's Team Pursuit, Finals - For Bronze"|"2024-08-07T18:23:00+02:00"|"2024-08-07T18:32:00+02:00"|"Finished"|"3"|"0"|"M"|"2024-08-07T22:35:11.7085578Z"
"16449"|"2024-08-07"|"Wrestling"|"https://codante.s3.amazonaws.com/codante-apis/olympic-games/pictograms/WRE.avif"||"Champ-de-Mars Arena"|"Men's Greco-Roman 67kg"|"Men's Greco-Roman 67kg Semifinal"|"2024-08-07T18:22:00+02:00"|"2024-08-07T18:29:00+02:00"|"Finished"|"0"|"0"|"M"|"2024-08-07T22:35:11.7085578Z"
"16450"|"2024-08-07"|"Cycling Track"|"https://codante.s3.amazonaws.com/codante-apis/olympic-games/pictograms/CTR.avif"||"National Velodrome"|"Men's Team Pursuit"|"Men's Team Pursuit, Finals - For Gold"|"2024-08-07T18:33:00+02:00"|"2024-08-07T18:42:00+02:00"|"Finished"|"1"|"0"|"M"|"2024-08-07T22:35:11.7085578Z"
"16451"|"2024-08-07"|"Wrestling"|"https://codante.s3.amazonaws.com/codante-apis/olympic-games/pictograms/WRE.avif"||"Champ-de-Mars Arena"|"Men's Greco-Roman 87kg"|"Men's Greco-Roman 87kg Semifinal"|"2024-08-07T18:29:00+02:00"|"2024-08-07T18:36:00+02:00"|"Finished"|"0"|"0"|"M"|"2024-08-07T22:35:11.7085578Z"
"16452"|"2024-08-07"|"Cycling Track"|"https://codante.s3.amazonaws.com/codante-apis/olympic-games/pictograms/CTR.avif"||"National Velodrome"|"Men's Sprint"|"Men's Sprint, 1/16 Finals Repechages"|"2024-08-07T18:42:00+02:00"|"2024-08-07T18:57:00+02:00"|"Finished"|"0"|"0"|"M"|"2024-08-07T22:35:11.7085578Z"
"16453"|"2024-08-07"|"Wrestling"|"https://codante.s3.amazonaws.com/codante-apis/olympic-games/pictograms/WRE.avif"||"Champ-de-Mars Arena"|"Men's Greco-Roman 87kg"|"Men's Greco-Roman 87kg Semifinal"|"2024-08-07T18:36:00+02:00"|"2024-08-07T18:43:00+02:00"|"Finished"|"0"|"0"|"M"|"2024-08-07T22:35:11.7085578Z"
"16454"|"2024-08-07"|"Wrestling"|"https://codante.s3.amazonaws.com/codante-apis/olympic-games/pictograms/WRE.avif"||"Champ-de-Mars Arena"|"Women's Freestyle 53kg"|"Women's Freestyle 53kg Semifinal"|"2024-08-07T18:43:00+02:00"|"2024-08-07T18:50:00+02:00"|"Finished"|"0"|"0"|"W"|"2024-08-07T22:35:11.7085578Z"
"16455"|"2024-08-07"|"Cycling Track"|"https://codante.s3.amazonaws.com/codante-apis/olympic-games/pictograms/CTR.avif"||"National Velodrome"|"Women's Team Pursuit"|"Women's Team Pursuit, Finals - For Places 7-8"|"2024-08-07T18:57:00+02:00"|"2024-08-07T19:07:00+02:00"|"Finished"|"0"|"0"|"W"|"2024-08-07T22:35:11.7085578Z"
"16456"|"2024-08-07"|"Athletics"|"https://codante.s3.amazonaws.com/codante-apis/olympic-games/pictograms/ATH.avif"||"Stade de France"|"Women's Pole Vault"|"Women's Pole Vault Final"|"2024-08-07T18:15:00+02:00"|"2024-08-07T21:30:00+02:00"|"Finished"|"1"|"0"|"W"|"2024-08-07T22:35:11.7085578Z"
"16457"|"2024-08-07"|"Hockey"|"https://codante.s3.amazonaws.com/codante-apis/olympic-games/pictograms/HOC.avif"||"Yves-du-Manoir Stadium"|"Women"|"Women's Semi-final"|"2024-08-07T19:00:00+02:00"|"2024-08-07T20:45:00+02:00"|"Finished"|"0"|"0"|"W"|"2024-08-07T22:35:11.7085578Z"
"16458"|"2024-08-07"|"Water Polo"|"https://codante.s3.amazonaws.com/codante-apis/olympic-games/pictograms/WPO.avif"||"Paris La Defense Arena"|"Men"|"Men's Quarterfinal"|"2024-08-07T20:35:00+02:00"|"2024-08-07T22:00:00+02:00"|"Finished"|"0"|"0"|"M"|"2024-08-07T22:35:11.7085578Z"
"16459"|"2024-08-07"|"Athletics"|"https://codante.s3.amazonaws.com/codante-apis/olympic-games/pictograms/ATH.avif"||"Stade de France"|"Men's 110m Hurdles"|"Men's 110m Hurdles Semi-Final"|"2024-08-07T19:05:00+02:00"|"2024-08-07T19:22:00+02:00"|"Finished"|"0"|"0"|"M"|"2024-08-07T22:35:11.7085578Z"
"16460"|"2024-08-07"|"Wrestling"|"https://codante.s3.amazonaws.com/codante-apis/olympic-games/pictograms/WRE.avif"||"Champ-de-Mars Arena"|"Women's Freestyle 53kg"|"Women's Freestyle 53kg Semifinal"|"2024-08-07T18:50:00+02:00"|"2024-08-07T18:57:00+02:00"|"Finished"|"0"|"0"|"W"|"2024-08-07T22:35:11.7085578Z"
"16461"|"2024-08-07"|"Cycling Track"|"https://codante.s3.amazonaws.com/codante-apis/olympic-games/pictograms/CTR.avif"||"National Velodrome"|"Women's Team Pursuit"|"Women's Team Pursuit, Finals - For Places 5-6"|"2024-08-07T19:07:00+02:00"|"2024-08-07T19:17:00+02:00"|"Finished"|"0"|"0"|"W"|"2024-08-07T22:35:11.7085578Z"
"16462"|"2024-08-07"|"Athletics"|"https://codante.s3.amazonaws.com/codante-apis/olympic-games/pictograms/ATH.avif"||"Stade de France"|"Men's Triple Jump"|"Men's Triple Jump Qualification"|"2024-08-07T19:15:00+02:00"|"2024-08-07T20:19:00+02:00"|"Finished"|"0"|"0"|"M"|"2024-08-07T22:35:11.7085578Z"
"16463"|"2024-08-07"|"Cycling Track"|"https://codante.s3.amazonaws.com/codante-apis/olympic-games/pictograms/CTR.avif"||"National Velodrome"|"Women's Team Pursuit"|"Women's Team Pursuit, Finals - For Bronze"|"2024-08-07T19:17:00+02:00"|"2024-08-07T19:27:00+02:00"|"Finished"|"3"|"0"|"W"|"2024-08-07T22:35:11.7085578Z"
"16464"|"2024-08-07"|"Cycling Track"|"https://codante.s3.amazonaws.com/codante-apis/olympic-games/pictograms/CTR.avif"||"National Velodrome"|"Women's Team Pursuit"|"Women's Team Pursuit, Finals - For Gold"|"2024-08-07T19:28:00+02:00"|"2024-08-07T19:38:00+02:00"|"Finished"|"1"|"0"|"W"|"2024-08-07T22:35:11.7085578Z"
"16465"|"2024-08-07"|"Artistic Swimming"|"https://codante.s3.amazonaws.com/codante-apis/olympic-games/pictograms/SWA.avif"||"Aquatics Centre"|"Team"|"Team Acrobatic Routine"|"2024-08-07T19:30:00+02:00"|"2024-08-07T20:29:00+02:00"|"Finished"|"1"|"0"|"O"|"2024-08-07T22:35:11.7085578Z"
"16466"|"2024-08-07"|"Taekwondo"|"https://codante.s3.amazonaws.com/codante-apis/olympic-games/pictograms/TKW.avif"||"Grand Palais"|"Women -49kg"|"Women -49kg Repechage"|"2024-08-07T19:30:00+02:00"|"2024-08-07T19:40:00+02:00"|"Finished"|"0"|"0"|"W"|"2024-08-07T22:35:11.7085578Z"
"16467"|"2024-08-07"|"Weightlifting"|"https://codante.s3.amazonaws.com/codante-apis/olympic-games/pictograms/WLF.avif"||"South Paris Arena 6"|"Women's 49kg"|"Women's 49kg"|"2024-08-07T19:30:00+02:00"|"2024-08-07T22:00:00+02:00"|"Finished"|"1"|"0"|"W"|"2024-08-07T22:35:11.7085578Z"
"16468"|"2024-08-07"|"Wrestling"|"https://codante.s3.amazonaws.com/codante-apis/olympic-games/pictograms/WRE.avif"||"Champ-de-Mars Arena"|"Men's Greco-Roman 77kg"|"Men's Greco-Roman 77kg Bronze Medal Match"|"2024-08-07T18:57:00+02:00"|"2024-08-07T19:04:00+02:00"|"Finished"|"3"|"0"|"M"|"2024-08-07T22:35:11.7085578Z"
"16469"|"2024-08-07"|"Athletics"|"https://codante.s3.amazonaws.com/codante-apis/olympic-games/pictograms/ATH.avif"||"Stade de France"|"Men's 400m Hurdles"|"Men's 400m Hurdles Semi-Final"|"2024-08-07T19:35:00+02:00"|"2024-08-07T19:52:00+02:00"|"Finished"|"0"|"0"|"M"|"2024-08-07T22:35:11.7085578Z"
"16470"|"2024-08-07"|"Cycling Track"|"https://codante.s3.amazonaws.com/codante-apis/olympic-games/pictograms/CTR.avif"||"National Velodrome"|"Men's Sprint"|"Men's Sprint, 1/8 Finals"|"2024-08-07T19:38:00+02:00"|"2024-08-07T19:58:00+02:00"|"Finished"|"0"|"0"|"M"|"2024-08-07T22:35:11.7085578Z"
"16471"|"2024-08-07"|"Taekwondo"|"https://codante.s3.amazonaws.com/codante-apis/olympic-games/pictograms/TKW.avif"||"Grand Palais"|"Men -58kg"|"Men -58kg Repechage"|"2024-08-07T19:40:00+02:00"|"2024-08-07T19:53:00+02:00"|"Finished"|"0"|"0"|"M"|"2024-08-07T22:35:11.7085578Z"
"16472"|"2024-08-07"|"Wrestling"|"https://codante.s3.amazonaws.com/codante-apis/olympic-games/pictograms/WRE.avif"||"Champ-de-Mars Arena"|"Men's Greco-Roman 77kg"|"Men's Greco-Roman 77kg Bronze Medal Match"|"2024-08-07T19:04:00+02:00"|"2024-08-07T19:11:00+02:00"|"Finished"|"3"|"0"|"M"|"2024-08-07T22:35:11.7085578Z"
"16473"|"2024-08-07"|"Taekwondo"|"https://codante.s3.amazonaws.com/codante-apis/olympic-games/pictograms/TKW.avif"||"Grand Palais"|"Women -49kg"|"Women -49kg Repechage"|"2024-08-07T19:53:00+02:00"|"2024-08-07T20:06:00+02:00"|"Finished"|"0"|"0"|"W"|"2024-08-07T22:35:11.7085578Z"
"16474"|"2024-08-07"|"Wrestling"|"https://codante.s3.amazonaws.com/codante-apis/olympic-games/pictograms/WRE.avif"||"Champ-de-Mars Arena"|"Men's Greco-Roman 77kg"|"Men's Greco-Roman 77kg Final"|"2024-08-07T19:11:00+02:00"|"2024-08-07T19:18:00+02:00"|"Finished"|"1"|"0"|"M"|"2024-08-07T22:35:11.7085578Z"
"16476"|"2024-08-07"|"Volleyball"|"https://codante.s3.amazonaws.com/codante-apis/olympic-games/pictograms/VVO.avif"||"South Paris Arena 1"|"Men"|"Men's Semifinals"|"2024-08-07T16:00:00+02:00"|"2024-08-07T18:15:00+02:00"|"Finished"|"0"|"0"|"M"|"2024-08-07T22:35:11.7085578Z"
"16477"|"2024-08-07"|"Athletics"|"https://codante.s3.amazonaws.com/codante-apis/olympic-games/pictograms/ATH.avif"||"Stade de France"|"Men's 200m"|"Men's 200m Semi-Final"|"2024-08-07T20:02:00+02:00"|"2024-08-07T20:19:00+02:00"|"Finished"|"0"|"0"|"M"|"2024-08-07T22:35:11.7085578Z"
"16478"|"2024-08-07"|"Wrestling"|"https://codante.s3.amazonaws.com/codante-apis/olympic-games/pictograms/WRE.avif"||"Champ-de-Mars Arena"|"Men's Greco-Roman 97kg"|"Men's Greco-Roman 97kg Bronze Medal Match"|"2024-08-07T19:18:00+02:00"|"2024-08-07T19:25:00+02:00"|"Finished"|"3"|"0"|"M"|"2024-08-07T22:35:11.7085578Z"
"16479"|"2024-08-07"|"Taekwondo"|"https://codante.s3.amazonaws.com/codante-apis/olympic-games/pictograms/TKW.avif"||"Grand Palais"|"Men -58kg"|"Men -58kg Repechage"|"2024-08-07T20:06:00+02:00"|"2024-08-07T20:19:00+02:00"|"Finished"|"0"|"0"|"M"|"2024-08-07T22:35:11.7085578Z"
"16480"|"2024-08-07"|"Cycling Track"|"https://codante.s3.amazonaws.com/codante-apis/olympic-games/pictograms/CTR.avif"||"National Velodrome"|"Men's Sprint"|"Men's Sprint, 1/8 Finals Repechages"|"2024-08-07T20:14:00+02:00"|"2024-08-07T20:25:00+02:00"|"Finished"|"0"|"0"|"M"|"2024-08-07T22:35:11.7085578Z"
"16481"|"2024-08-07"|"Wrestling"|"https://codante.s3.amazonaws.com/codante-apis/olympic-games/pictograms/WRE.avif"||"Champ-de-Mars Arena"|"Men's Greco-Roman 97kg"|"Men's Greco-Roman 97kg Bronze Medal Match"|"2024-08-07T19:25:00+02:00"|"2024-08-07T19:32:00+02:00"|"Finished"|"3"|"0"|"M"|"2024-08-07T22:35:11.7085578Z"
"16482"|"2024-08-07"|"Taekwondo"|"https://codante.s3.amazonaws.com/codante-apis/olympic-games/pictograms/TKW.avif"||"Grand Palais"|"Women -49kg"|"Women -49kg Bronze Medal Contests"|"2024-08-07T20:19:00+02:00"|"2024-08-07T20:34:00+02:00"|"Finished"|"3"|"0"|"W"|"2024-08-07T22:35:11.7085578Z"
"16483"|"2024-08-07"|"Athletics"|"https://codante.s3.amazonaws.com/codante-apis/olympic-games/pictograms/ATH.avif"||"Stade de France"|"Men's Discus Throw"|"Men's Discus Throw Final"|"2024-08-07T20:25:00+02:00"|"2024-08-07T21:35:00+02:00"|"Finished"|"1"|"0"|"M"|"2024-08-07T22:35:11.7085578Z"
"16484"|"2024-08-07"|"Wrestling"|"https://codante.s3.amazonaws.com/codante-apis/olympic-games/pictograms/WRE.avif"||"Champ-de-Mars Arena"|"Men's Greco-Roman 97kg"|"Men's Greco-Roman 97kg Final"|"2024-08-07T19:32:00+02:00"|"2024-08-07T19:39:00+02:00"|"Finished"|"1"|"0"|"M"|"2024-08-07T22:35:11.7085578Z"
"16485"|"2024-08-07"|"Taekwondo"|"https://codante.s3.amazonaws.com/codante-apis/olympic-games/pictograms/TKW.avif"||"Grand Palais"|"Men -58kg"|"Men -58kg Bronze Medal Contests"|"2024-08-07T20:34:00+02:00"|"2024-08-07T20:49:00+02:00"|"Finished"|"3"|"0"|"M"|"2024-08-07T22:35:11.7085578Z"
"16486"|"2024-08-07"|"Water Polo"|"https://codante.s3.amazonaws.com/codante-apis/olympic-games/pictograms/WPO.avif"||"Paris La Defense Arena"|"Men"|"Men's Quarterfinal"|"2024-08-07T14:00:00+02:00"|"2024-08-07T15:25:00+02:00"|"Finished"|"0"|"0"|"M"|"2024-08-07T22:35:11.7085578Z"
"16487"|"2024-08-07"|"Athletics"|"https://codante.s3.amazonaws.com/codante-apis/olympic-games/pictograms/ATH.avif"||"Stade de France"|"Women's 400m"|"Women's 400m Semi-Final"|"2024-08-07T20:45:00+02:00"|"2024-08-07T21:02:00+02:00"|"Finished"|"0"|"0"|"W"|"2024-08-07T22:35:11.7085578Z"
"16488"|"2024-08-07"|"Taekwondo"|"https://codante.s3.amazonaws.com/codante-apis/olympic-games/pictograms/TKW.avif"||"Grand Palais"|"Women -49kg"|"Women -49kg Bronze Medal Contests"|"2024-08-07T20:49:00+02:00"|"2024-08-07T21:04:00+02:00"|"Finished"|"3"|"0"|"W"|"2024-08-07T22:35:11.7085578Z"
"16489"|"2024-08-07"|"Wrestling"|"https://codante.s3.amazonaws.com/codante-apis/olympic-games/pictograms/WRE.avif"||"Champ-de-Mars Arena"|"Women's Freestyle 50kg"|"Women's Freestyle 50kg Bronze Medal Match"|"2024-08-07T19:39:00+02:00"|"2024-08-07T19:46:00+02:00"|"Finished"|"3"|"0"|"W"|"2024-08-07T22:35:11.7085578Z"
"16490"|"2024-08-07"|"Beach Volleyball"|"https://codante.s3.amazonaws.com/codante-apis/olympic-games/pictograms/VBV.avif"||"Eiffel Tower Stadium"|"Beach Volleyball"|"Men's or Women's Quarterfinal"|"2024-08-07T21:00:00+02:00"|"2024-08-07T21:50:00+02:00"|"Scheduled"|"0"|"0"|"-"|"2024-08-07T22:35:11.7085578Z"
"16491"|"2024-08-07"|"Wrestling"|"https://codante.s3.amazonaws.com/codante-apis/olympic-games/pictograms/WRE.avif"||"Champ-de-Mars Arena"|"Women's Freestyle 50kg"|"Women's Freestyle 50kg Bronze Medal Match"|"2024-08-07T19:46:00+02:00"|"2024-08-07T19:53:00+02:00"|"Finished"|"3"|"0"|"W"|"2024-08-07T22:35:11.7085578Z"
"16492"|"2024-08-07"|"Taekwondo"|"https://codante.s3.amazonaws.com/codante-apis/olympic-games/pictograms/TKW.avif"||"Grand Palais"|"Men -58kg"|"Men -58kg Bronze Medal Contests"|"2024-08-07T21:04:00+02:00"|"2024-08-07T21:19:00+02:00"|"Finished"|"3"|"0"|"M"|"2024-08-07T22:35:11.7085578Z"
"16493"|"2024-08-07"|"Wrestling"|"https://codante.s3.amazonaws.com/codante-apis/olympic-games/pictograms/WRE.avif"||"Champ-de-Mars Arena"|"Women's Freestyle 50kg"|"Women's Freestyle 50kg Final"|"2024-08-07T19:53:00+02:00"|"2024-08-07T20:00:00+02:00"|"Finished"|"1"|"0"|"W"|"2024-08-07T22:35:11.7085578Z"
"16494"|"2024-08-07"|"Taekwondo"|"https://codante.s3.amazonaws.com/codante-apis/olympic-games/pictograms/TKW.avif"||"Grand Palais"|"Women -49kg"|"Women -49kg Gold Medal Contest"|"2024-08-07T21:19:00+02:00"|"2024-08-07T21:34:00+02:00"|"Finished"|"1"|"0"|"W"|"2024-08-07T22:35:11.7085578Z"
"16495"|"2024-08-07"|"Athletics"|"https://codante.s3.amazonaws.com/codante-apis/olympic-games/pictograms/ATH.avif"||"Stade de France"|"Men's 400m"|"Men's 400m Final"|"2024-08-07T21:20:00+02:00"|"2024-08-07T21:21:00+02:00"|"Finished"|"1"|"0"|"M"|"2024-08-07T22:35:11.7085578Z"
"16496"|"2024-08-07"|"Basketball"|"https://codante.s3.amazonaws.com/codante-apis/olympic-games/pictograms/BKB.avif"||"Bercy Arena"|"Women"|"Women's Quarterfinal"|"2024-08-07T11:00:00+02:00"|"2024-08-07T12:45:00+02:00"|"Finished"|"0"|"0"|"W"|"2024-08-07T22:35:11.7085578Z"
"16497"|"2024-08-07"|"Boxing"|"https://codante.s3.amazonaws.com/codante-apis/olympic-games/pictograms/BOX.avif"||"Roland-Garros Stadium"|"Women's 57kg"|"Women's 57kg - Semifinal"|"2024-08-07T21:30:00+02:00"|"2024-08-07T21:41:00+02:00"|"Finished"|"3"|"0"|"W"|"2024-08-07T22:35:11.7085578Z"
"16498"|"2024-08-07"|"Handball"|"https://codante.s3.amazonaws.com/codante-apis/olympic-games/pictograms/HBL.avif"||"Pierre Mauroy Stadium"|"Men"|"Men's Quarterfinal"|"2024-08-07T17:30:00+02:00"|"2024-08-07T19:30:00+02:00"|"Finished"|"0"|"0"|"M"|"2024-08-07T22:35:11.7085578Z"
"16499"|"2024-08-07"|"Taekwondo"|"https://codante.s3.amazonaws.com/codante-apis/olympic-games/pictograms/TKW.avif"||"Grand Palais"|"Men -58kg"|"Men -58kg Gold Medal Contest"|"2024-08-07T21:37:00+02:00"|"2024-08-07T21:52:00+02:00"|"Finished"|"1"|"0"|"M"|"2024-08-07T22:35:11.7085578Z"
"16500"|"2024-08-07"|"Athletics"|"https://codante.s3.amazonaws.com/codante-apis/olympic-games/pictograms/ATH.avif"||"Stade de France"|"Men's 3000m Steeplechase"|"Men's 3000m Steeplechase Final"|"2024-08-07T21:43:00+02:00"|"2024-08-07T21:52:00+02:00"|"Finished"|"1"|"0"|"M"|"2024-08-07T22:35:11.7085578Z"
"16501"|"2024-08-07"|"Boxing"|"https://codante.s3.amazonaws.com/codante-apis/olympic-games/pictograms/BOX.avif"||"Roland-Garros Stadium"|"Women's 57kg"|"Women's 57kg - Semifinal"|"2024-08-07T21:46:00+02:00"|"2024-08-07T21:57:00+02:00"|"Finished"|"3"|"0"|"W"|"2024-08-07T22:35:11.7085578Z"
"16502"|"2024-08-07"|"Beach Volleyball"|"https://codante.s3.amazonaws.com/codante-apis/olympic-games/pictograms/VBV.avif"||"Eiffel Tower Stadium"|"Beach Volleyball"|"Men's or Women's Quarterfinal"|"2024-08-07T22:00:00+02:00"|"2024-08-07T22:50:00+02:00"|"Scheduled"|"0"|"0"|"-"|"2024-08-07T22:35:11.7085578Z"
"16503"|"2024-08-07"|"Boxing"|"https://codante.s3.amazonaws.com/codante-apis/olympic-games/pictograms/BOX.avif"||"Roland-Garros Stadium"|"Men's +92kg"|"Men's +92kg - Semifinal"|"2024-08-07T22:02:00+02:00"|"2024-08-07T22:13:00+02:00"|"Finished"|"3"|"0"|"M"|"2024-08-07T22:35:11.7085578Z"
"16504"|"2024-08-07"|"Boxing"|"https://codante.s3.amazonaws.com/codante-apis/olympic-games/pictograms/BOX.avif"||"Roland-Garros Stadium"|"Men's +92kg"|"Men's +92kg - Semifinal"|"2024-08-07T22:18:00+02:00"|"2024-08-07T22:29:00+02:00"|"Finished"|"3"|"0"|"M"|"2024-08-07T22:35:11.7085578Z"
"16505"|"2024-08-07"|"Boxing"|"https://codante.s3.amazonaws.com/codante-apis/olympic-games/pictograms/BOX.avif"||"Roland-Garros Stadium"|"Men's 63.5kg"|"Men's 63.5kg - Final"|"2024-08-07T22:34:00+02:00"|"2024-08-07T22:45:00+02:00"|"Finished"|"1"|"0"|"M"|"2024-08-07T22:35:11.7085578Z"
"16506"|"2024-08-07"|"Boxing"|"https://codante.s3.amazonaws.com/codante-apis/olympic-games/pictograms/BOX.avif"||"Roland-Garros Stadium"|"Men's 80kg"|"Men's 80kg - Final"|"2024-08-07T22:51:00+02:00"|"2024-08-07T23:02:00+02:00"|"Finished"|"1"|"0"|"M"|"2024-08-07T22:35:11.7085578Z"
"16518"|"2024-08-07"|"Table Tennis"|"https://codante.s3.amazonaws.com/codante-apis/olympic-games/pictograms/TTE.avif"||"South Paris Arena 4"|"Men's Team"|"Men's Team Semifinal"|"2024-08-07T20:00:00+02:00"|"2024-08-07T23:00:00+02:00"|"Finished"|"0"|"0"|"M"|"2024-08-07T22:35:11.7085578Z"
"17402"|"2024-08-07"|"Beach Volleyball"|"https://codante.s3.amazonaws.com/codante-apis/olympic-games/pictograms/VBV.avif"||"Eiffel Tower Stadium"|"Women"|"Women's Quarterfinal"|"2024-08-07T18:00:00+02:00"|"2024-08-07T18:50:00+02:00"|"Finished"|"0"|"0"|"W"|"2024-08-07T22:35:11.7085578Z"
"17471"|"2024-08-07"|"Table Tennis"|"https://codante.s3.amazonaws.com/codante-apis/olympic-games/pictograms/TTE.avif"||"South Paris Arena 4"|"Women's Team"|"Women's Team Quarterfinal"|"2024-08-07T10:00:00+02:00"|"2024-08-07T13:00:00+02:00"|"Finished"|"0"|"0"|"W"|"2024-08-07T22:35:11.7085578Z"
"17472"|"2024-08-07"|"Table Tennis"|"https://codante.s3.amazonaws.com/codante-apis/olympic-games/pictograms/TTE.avif"||"South Paris Arena 4"|"Men's Team"|"Men's Team Quarterfinal"|"2024-08-07T10:00:00+02:00"|"2024-08-07T13:00:00+02:00"|"Finished"|"0"|"0"|"M"|"2024-08-07T22:35:11.7085578Z"
"17473"|"2024-08-07"|"Table Tennis"|"https://codante.s3.amazonaws.com/codante-apis/olympic-games/pictograms/TTE.avif"||"South Paris Arena 4"|"Women's Team"|"Women's Team Quarterfinal"|"2024-08-07T15:00:00+02:00"|"2024-08-07T18:00:00+02:00"|"Finished"|"0"|"0"|"W"|"2024-08-07T22:35:11.7085578Z"
"17474"|"2024-08-07"|"Table Tennis"|"https://codante.s3.amazonaws.com/codante-apis/olympic-games/pictograms/TTE.avif"||"South Paris Arena 4"|"Men's Team"|"Men's Team Quarterfinal"|"2024-08-07T15:00:00+02:00"|"2024-08-07T18:00:00+02:00"|"Finished"|"0"|"0"|"M"|"2024-08-07T22:35:11.7085578Z"
"17519"|"2024-08-07"|"Beach Volleyball"|"https://codante.s3.amazonaws.com/codante-apis/olympic-games/pictograms/VBV.avif"||"Eiffel Tower Stadium"|"Women"|"Women's Quarterfinal"|"2024-08-07T17:00:00+02:00"|"2024-08-07T17:50:00+02:00"|"Finished"|"0"|"0"|"W"|"2024-08-07T22:35:11.7085578Z"
"17520"|"2024-08-07"|"Beach Volleyball"|"https://codante.s3.amazonaws.com/codante-apis/olympic-games/pictograms/VBV.avif"||"Eiffel Tower Stadium"|"Men"|"Men's Quarterfinal"|"2024-08-07T21:00:00+02:00"|"2024-08-07T21:50:00+02:00"|"Finished"|"0"|"0"|"M"|"2024-08-07T22:35:11.7085578Z"
"17521"|"2024-08-07"|"Beach Volleyball"|"https://codante.s3.amazonaws.com/codante-apis/olympic-games/pictograms/VBV.avif"||"Eiffel Tower Stadium"|"Men"|"Men's Quarterfinal"|"2024-08-07T22:00:00+02:00"|"2024-08-07T22:50:00+02:00"|"Finished"|"0"|"0"|"M"|"2024-08-07T22:35:11.7085578Z"
"17523"|"2024-08-07"|"Wrestling"|"https://codante.s3.amazonaws.com/codante-apis/olympic-games/pictograms/WRE.avif"||"Champ-de-Mars Arena"|"Men's Greco-Roman 77kg"|"Men's Greco-Roman 77kg Repechage"|"2024-08-07T11:00:00+02:00"|"2024-08-07T11:07:00+02:00"|"Finished"|"0"|"0"|"M"|"2024-08-07T22:35:11.7085578Z"
"17524"|"2024-08-07"|"Wrestling"|"https://codante.s3.amazonaws.com/codante-apis/olympic-games/pictograms/WRE.avif"||"Champ-de-Mars Arena"|"Women's Freestyle 50kg"|"Women's Freestyle 50kg Repechage"|"2024-08-07T11:00:00+02:00"|"2024-08-07T11:07:00+02:00"|"Scheduled"|"0"|"0"|"W"|"2024-08-07T22:35:11.7085578Z"
"17525"|"2024-08-07"|"Wrestling"|"https://codante.s3.amazonaws.com/codante-apis/olympic-games/pictograms/WRE.avif"||"Champ-de-Mars Arena"|"Men's Greco-Roman 97kg"|"Men's Greco-Roman 97kg Repechage"|"2024-08-07T11:00:00+02:00"|"2024-08-07T11:07:00+02:00"|"Finished"|"0"|"0"|"M"|"2024-08-07T22:35:11.7085578Z"
"17526"|"2024-08-07"|"Wrestling"|"https://codante.s3.amazonaws.com/codante-apis/olympic-games/pictograms/WRE.avif"||"Champ-de-Mars Arena"|"Men's Greco-Roman 77kg"|"Men's Greco-Roman 77kg Repechage"|"2024-08-07T11:07:00+02:00"|"2024-08-07T11:14:00+02:00"|"Finished"|"0"|"0"|"M"|"2024-08-07T22:35:11.7085578Z"
"17527"|"2024-08-07"|"Wrestling"|"https://codante.s3.amazonaws.com/codante-apis/olympic-games/pictograms/WRE.avif"||"Champ-de-Mars Arena"|"Women's Freestyle 50kg"|"Women's Freestyle 50kg Repechage"|"2024-08-07T11:00:00+02:00"|"2024-08-07T11:07:00+02:00"|"Finished"|"0"|"0"|"W"|"2024-08-07T22:35:11.7085578Z"
"17528"|"2024-08-07"|"Wrestling"|"https://codante.s3.amazonaws.com/codante-apis/olympic-games/pictograms/WRE.avif"||"Champ-de-Mars Arena"|"Men's Greco-Roman 97kg"|"Men's Greco-Roman 97kg Repechage"|"2024-08-07T11:07:00+02:00"|"2024-08-07T11:14:00+02:00"|"Finished"|"0"|"0"|"M"|"2024-08-07T22:35:11.7085578Z"
"17529"|"2024-08-07"|"Wrestling"|"https://codante.s3.amazonaws.com/codante-apis/olympic-games/pictograms/WRE.avif"||"Champ-de-Mars Arena"|"Men's Greco-Roman 67kg"|"Men's Greco-Roman 67kg 1/8 Final"|"2024-08-07T11:14:00+02:00"|"2024-08-07T11:21:00+02:00"|"Finished"|"0"|"0"|"M"|"2024-08-07T22:35:11.7085578Z"
"17530"|"2024-08-07"|"Wrestling"|"https://codante.s3.amazonaws.com/codante-apis/olympic-games/pictograms/WRE.avif"||"Champ-de-Mars Arena"|"Women's Freestyle 53kg"|"Women's Freestyle 53kg 1/8 Final"|"2024-08-07T11:07:00+02:00"|"2024-08-07T11:14:00+02:00"|"Finished"|"0"|"0"|"W"|"2024-08-07T22:35:11.7085578Z"
"17531"|"2024-08-07"|"Wrestling"|"https://codante.s3.amazonaws.com/codante-apis/olympic-games/pictograms/WRE.avif"||"Champ-de-Mars Arena"|"Men's Greco-Roman 87kg"|"Men's Greco-Roman 87kg 1/8 Final"|"2024-08-07T11:14:00+02:00"|"2024-08-07T11:21:00+02:00"|"Finished"|"0"|"0"|"M"|"2024-08-07T22:35:11.7085578Z"
"17532"|"2024-08-07"|"Wrestling"|"https://codante.s3.amazonaws.com/codante-apis/olympic-games/pictograms/WRE.avif"||"Champ-de-Mars Arena"|"Men's Greco-Roman 67kg"|"Men's Greco-Roman 67kg 1/8 Final"|"2024-08-07T11:21:00+02:00"|"2024-08-07T11:28:00+02:00"|"Finished"|"0"|"0"|"M"|"2024-08-07T22:35:11.7085578Z"
"17533"|"2024-08-07"|"Wrestling"|"https://codante.s3.amazonaws.com/codante-apis/olympic-games/pictograms/WRE.avif"||"Champ-de-Mars Arena"|"Women's Freestyle 53kg"|"Women's Freestyle 53kg 1/8 Final"|"2024-08-07T11:14:00+02:00"|"2024-08-07T11:21:00+02:00"|"Finished"|"0"|"0"|"W"|"2024-08-07T22:35:11.7085578Z"
"17534"|"2024-08-07"|"Wrestling"|"https://codante.s3.amazonaws.com/codante-apis/olympic-games/pictograms/WRE.avif"||"Champ-de-Mars Arena"|"Men's Greco-Roman 87kg"|"Men's Greco-Roman 87kg 1/8 Final"|"2024-08-07T11:21:00+02:00"|"2024-08-07T11:28:00+02:00"|"Finished"|"0"|"0"|"M"|"2024-08-07T22:35:11.7085578Z"
"17535"|"2024-08-07"|"Wrestling"|"https://codante.s3.amazonaws.com/codante-apis/olympic-games/pictograms/WRE.avif"||"Champ-de-Mars Arena"|"Men's Greco-Roman 67kg"|"Men's Greco-Roman 67kg 1/8 Final"|"2024-08-07T11:28:00+02:00"|"2024-08-07T11:35:00+02:00"|"Finished"|"0"|"0"|"M"|"2024-08-07T22:35:11.7085578Z"
"17536"|"2024-08-07"|"Wrestling"|"https://codante.s3.amazonaws.com/codante-apis/olympic-games/pictograms/WRE.avif"||"Champ-de-Mars Arena"|"Women's Freestyle 53kg"|"Women's Freestyle 53kg 1/8 Final"|"2024-08-07T11:21:00+02:00"|"2024-08-07T11:28:00+02:00"|"Finished"|"0"|"0"|"W"|"2024-08-07T22:35:11.7085578Z"
"17537"|"2024-08-07"|"Wrestling"|"https://codante.s3.amazonaws.com/codante-apis/olympic-games/pictograms/WRE.avif"||"Champ-de-Mars Arena"|"Men's Greco-Roman 87kg"|"Men's Greco-Roman 87kg 1/8 Final"|"2024-08-07T11:28:00+02:00"|"2024-08-07T11:35:00+02:00"|"Finished"|"0"|"0"|"M"|"2024-08-07T22:35:11.7085578Z"
"17538"|"2024-08-07"|"Wrestling"|"https://codante.s3.amazonaws.com/codante-apis/olympic-games/pictograms/WRE.avif"||"Champ-de-Mars Arena"|"Men's Greco-Roman 67kg"|"Men's Greco-Roman 67kg 1/8 Final"|"2024-08-07T11:35:00+02:00"|"2024-08-07T11:42:00+02:00"|"Finished"|"0"|"0"|"M"|"2024-08-07T22:35:11.7085578Z"
"17539"|"2024-08-07"|"Wrestling"|"https://codante.s3.amazonaws.com/codante-apis/olympic-games/pictograms/WRE.avif"||"Champ-de-Mars Arena"|"Women's Freestyle 53kg"|"Women's Freestyle 53kg 1/8 Final"|"2024-08-07T11:28:00+02:00"|"2024-08-07T11:35:00+02:00"|"Finished"|"0"|"0"|"W"|"2024-08-07T22:35:11.7085578Z"
"17540"|"2024-08-07"|"Wrestling"|"https://codante.s3.amazonaws.com/codante-apis/olympic-games/pictograms/WRE.avif"||"Champ-de-Mars Arena"|"Men's Greco-Roman 87kg"|"Men's Greco-Roman 87kg 1/8 Final"|"2024-08-07T11:35:00+02:00"|"2024-08-07T11:42:00+02:00"|"Finished"|"0"|"0"|"M"|"2024-08-07T22:35:11.7085578Z"
"17541"|"2024-08-07"|"Wrestling"|"https://codante.s3.amazonaws.com/codante-apis/olympic-games/pictograms/WRE.avif"||"Champ-de-Mars Arena"|"Men's Greco-Roman 67kg"|"Men's Greco-Roman 67kg 1/8 Final"|"2024-08-07T11:42:00+02:00"|"2024-08-07T11:49:00+02:00"|"Finished"|"0"|"0"|"M"|"2024-08-07T22:35:11.7085578Z"
"17542"|"2024-08-07"|"Wrestling"|"https://codante.s3.amazonaws.com/codante-apis/olympic-games/pictograms/WRE.avif"||"Champ-de-Mars Arena"|"Women's Freestyle 53kg"|"Women's Freestyle 53kg 1/8 Final"|"2024-08-07T11:35:00+02:00"|"2024-08-07T11:42:00+02:00"|"Finished"|"0"|"0"|"W"|"2024-08-07T22:35:11.7085578Z"
"17543"|"2024-08-07"|"Wrestling"|"https://codante.s3.amazonaws.com/codante-apis/olympic-games/pictograms/WRE.avif"||"Champ-de-Mars Arena"|"Men's Greco-Roman 87kg"|"Men's Greco-Roman 87kg 1/8 Final"|"2024-08-07T11:42:00+02:00"|"2024-08-07T11:49:00+02:00"|"Finished"|"0"|"0"|"M"|"2024-08-07T22:35:11.7085578Z"
"17544"|"2024-08-07"|"Wrestling"|"https://codante.s3.amazonaws.com/codante-apis/olympic-games/pictograms/WRE.avif"||"Champ-de-Mars Arena"|"Men's Greco-Roman 67kg"|"Men's Greco-Roman 67kg 1/8 Final"|"2024-08-07T11:49:00+02:00"|"2024-08-07T11:56:00+02:00"|"Finished"|"0"|"0"|"M"|"2024-08-07T22:35:11.7085578Z"
"17545"|"2024-08-07"|"Wrestling"|"https://codante.s3.amazonaws.com/codante-apis/olympic-games/pictograms/WRE.avif"||"Champ-de-Mars Arena"|"Women's Freestyle 53kg"|"Women's Freestyle 53kg 1/8 Final"|"2024-08-07T11:42:00+02:00"|"2024-08-07T11:49:00+02:00"|"Finished"|"0"|"0"|"W"|"2024-08-07T22:35:11.7085578Z"
"17546"|"2024-08-07"|"Wrestling"|"https://codante.s3.amazonaws.com/codante-apis/olympic-games/pictograms/WRE.avif"||"Champ-de-Mars Arena"|"Men's Greco-Roman 87kg"|"Men's Greco-Roman 87kg 1/8 Final"|"2024-08-07T11:49:00+02:00"|"2024-08-07T11:56:00+02:00"|"Finished"|"0"|"0"|"M"|"2024-08-07T22:35:11.7085578Z"
"17547"|"2024-08-07"|"Wrestling"|"https://codante.s3.amazonaws.com/codante-apis/olympic-games/pictograms/WRE.avif"||"Champ-de-Mars Arena"|"Men's Greco-Roman 67kg"|"Men's Greco-Roman 67kg 1/8 Final"|"2024-08-07T11:56:00+02:00"|"2024-08-07T12:03:00+02:00"|"Finished"|"0"|"0"|"M"|"2024-08-07T22:35:11.7085578Z"
"17548"|"2024-08-07"|"Wrestling"|"https://codante.s3.amazonaws.com/codante-apis/olympic-games/pictograms/WRE.avif"||"Champ-de-Mars Arena"|"Women's Freestyle 53kg"|"Women's Freestyle 53kg 1/8 Final"|"2024-08-07T11:49:00+02:00"|"2024-08-07T11:56:00+02:00"|"Finished"|"0"|"0"|"W"|"2024-08-07T22:35:11.7085578Z"
"17549"|"2024-08-07"|"Wrestling"|"https://codante.s3.amazonaws.com/codante-apis/olympic-games/pictograms/WRE.avif"||"Champ-de-Mars Arena"|"Men's Greco-Roman 87kg"|"Men's Greco-Roman 87kg 1/8 Final"|"2024-08-07T11:56:00+02:00"|"2024-08-07T12:03:00+02:00"|"Finished"|"0"|"0"|"M"|"2024-08-07T22:35:11.7085578Z"
"17550"|"2024-08-07"|"Wrestling"|"https://codante.s3.amazonaws.com/codante-apis/olympic-games/pictograms/WRE.avif"||"Champ-de-Mars Arena"|"Men's Greco-Roman 67kg"|"Men's Greco-Roman 67kg 1/8 Final"|"2024-08-07T12:03:00+02:00"|"2024-08-07T12:10:00+02:00"|"Finished"|"0"|"0"|"M"|"2024-08-07T22:35:11.7085578Z"
"17551"|"2024-08-07"|"Wrestling"|"https://codante.s3.amazonaws.com/codante-apis/olympic-games/pictograms/WRE.avif"||"Champ-de-Mars Arena"|"Women's Freestyle 53kg"|"Women's Freestyle 53kg 1/8 Final"|"2024-08-07T11:56:00+02:00"|"2024-08-07T12:03:00+02:00"|"Finished"|"0"|"0"|"W"|"2024-08-07T22:35:11.7085578Z"
"17552"|"2024-08-07"|"Wrestling"|"https://codante.s3.amazonaws.com/codante-apis/olympic-games/pictograms/WRE.avif"||"Champ-de-Mars Arena"|"Men's Greco-Roman 87kg"|"Men's Greco-Roman 87kg 1/8 Final"|"2024-08-07T12:03:00+02:00"|"2024-08-07T12:10:00+02:00"|"Finished"|"0"|"0"|"M"|"2024-08-07T22:35:11.7085578Z"
"17553"|"2024-08-07"|"Wrestling"|"https://codante.s3.amazonaws.com/codante-apis/olympic-games/pictograms/WRE.avif"||"Champ-de-Mars Arena"|"Men's Greco-Roman 67kg"|"Men's Greco-Roman 67kg 1/4 Final"|"2024-08-07T12:10:00+02:00"|"2024-08-07T12:17:00+02:00"|"Finished"|"0"|"0"|"M"|"2024-08-07T22:35:11.7085578Z"
"17554"|"2024-08-07"|"Wrestling"|"https://codante.s3.amazonaws.com/codante-apis/olympic-games/pictograms/WRE.avif"||"Champ-de-Mars Arena"|"Women's Freestyle 53kg"|"Women's Freestyle 53kg 1/4 Final"|"2024-08-07T12:03:00+02:00"|"2024-08-07T12:10:00+02:00"|"Finished"|"0"|"0"|"W"|"2024-08-07T22:35:11.7085578Z"
"17555"|"2024-08-07"|"Wrestling"|"https://codante.s3.amazonaws.com/codante-apis/olympic-games/pictograms/WRE.avif"||"Champ-de-Mars Arena"|"Men's Greco-Roman 87kg"|"Men's Greco-Roman 87kg 1/4 Final"|"2024-08-07T12:10:00+02:00"|"2024-08-07T12:17:00+02:00"|"Finished"|"0"|"0"|"M"|"2024-08-07T22:35:11.7085578Z"
"17556"|"2024-08-07"|"Wrestling"|"https://codante.s3.amazonaws.com/codante-apis/olympic-games/pictograms/WRE.avif"||"Champ-de-Mars Arena"|"Men's Greco-Roman 67kg"|"Men's Greco-Roman 67kg 1/4 Final"|"2024-08-07T12:17:00+02:00"|"2024-08-07T12:24:00+02:00"|"Finished"|"0"|"0"|"M"|"2024-08-07T22:35:11.7085578Z"
"17557"|"2024-08-07"|"Wrestling"|"https://codante.s3.amazonaws.com/codante-apis/olympic-games/pictograms/WRE.avif"||"Champ-de-Mars Arena"|"Women's Freestyle 53kg"|"Women's Freestyle 53kg 1/4 Final"|"2024-08-07T12:10:00+02:00"|"2024-08-07T12:17:00+02:00"|"Finished"|"0"|"0"|"W"|"2024-08-07T22:35:11.7085578Z"
"17558"|"2024-08-07"|"Wrestling"|"https://codante.s3.amazonaws.com/codante-apis/olympic-games/pictograms/WRE.avif"||"Champ-de-Mars Arena"|"Men's Greco-Roman 87kg"|"Men's Greco-Roman 87kg 1/4 Final"|"2024-08-07T12:17:00+02:00"|"2024-08-07T12:24:00+02:00"|"Finished"|"0"|"0"|"M"|"2024-08-07T22:35:11.7085578Z"
"17559"|"2024-08-07"|"Wrestling"|"https://codante.s3.amazonaws.com/codante-apis/olympic-games/pictograms/WRE.avif"||"Champ-de-Mars Arena"|"Men's Greco-Roman 67kg"|"Men's Greco-Roman 67kg 1/4 Final"|"2024-08-07T12:24:00+02:00"|"2024-08-07T12:31:00+02:00"|"Finished"|"0"|"0"|"M"|"2024-08-07T22:35:11.7085578Z"
"17560"|"2024-08-07"|"Wrestling"|"https://codante.s3.amazonaws.com/codante-apis/olympic-games/pictograms/WRE.avif"||"Champ-de-Mars Arena"|"Women's Freestyle 53kg"|"Women's Freestyle 53kg 1/4 Final"|"2024-08-07T12:17:00+02:00"|"2024-08-07T12:24:00+02:00"|"Finished"|"0"|"0"|"W"|"2024-08-07T22:35:11.7085578Z"
"17561"|"2024-08-07"|"Wrestling"|"https://codante.s3.amazonaws.com/codante-apis/olympic-games/pictograms/WRE.avif"||"Champ-de-Mars Arena"|"Men's Greco-Roman 87kg"|"Men's Greco-Roman 87kg 1/4 Final"|"2024-08-07T12:24:00+02:00"|"2024-08-07T12:31:00+02:00"|"Finished"|"0"|"0"|"M"|"2024-08-07T22:35:11.7085578Z"
"17562"|"2024-08-07"|"Wrestling"|"https://codante.s3.amazonaws.com/codante-apis/olympic-games/pictograms/WRE.avif"||"Champ-de-Mars Arena"|"Men's Greco-Roman 67kg"|"Men's Greco-Roman 67kg 1/4 Final"|"2024-08-07T12:31:00+02:00"|"2024-08-07T12:38:00+02:00"|"Finished"|"0"|"0"|"M"|"2024-08-07T22:35:11.7085578Z"
"17563"|"2024-08-07"|"Wrestling"|"https://codante.s3.amazonaws.com/codante-apis/olympic-games/pictograms/WRE.avif"||"Champ-de-Mars Arena"|"Women's Freestyle 53kg"|"Women's Freestyle 53kg 1/4 Final"|"2024-08-07T12:24:00+02:00"|"2024-08-07T12:31:00+02:00"|"Finished"|"0"|"0"|"W"|"2024-08-07T22:35:11.7085578Z"
"17564"|"2024-08-07"|"Wrestling"|"https://codante.s3.amazonaws.com/codante-apis/olympic-games/pictograms/WRE.avif"||"Champ-de-Mars Arena"|"Men's Greco-Roman 87kg"|"Men's Greco-Roman 87kg 1/4 Final"|"2024-08-07T12:31:00+02:00"|"2024-08-07T12:38:00+02:00"|"Finished"|"0"|"0"|"M"|"2024-08-07T22:35:11.7085578Z"
